cashtag,id,source,spans,Predicted Sentiment Score
$cost,709723193125175300,twitter,consumers keep cautious stance,-0.13986817002296448
$ctrp,719529094652698600,twitter,close $ctrp @46.16 from 43.55 entry +6%;$;+6%,-0.03393572196364403
$intc,39048670,stocktwits,every reason to be bullish,0.9752833247184753
$panw,37048093,stocktwits,$panw need anoth $1 to all time high,-0.4781375825405121
$jrcc,6207860,stocktwits,long setup,0.9760486483573914
$sbux,719911771625140200,twitter,will be a solid long term investmen;$;#passive;$;also added $sbux today;$; #income,0.9788264632225037
$tsla,719571433307955200,twitter,recall,0.569155752658844
$mar,711874651043926000,twitter,marriott wins new starwood deal by raising cash portion of bid,0.9774746894836426
$abbv,719559500852662300,twitter,time to embrace dividend growth,0.9590975642204285
$ms,709737853639663600,twitter,bullshit! all #applestores are empty in #china;$;$ms must be preparing to liquidate $aapl,0.17102691531181335
$bjri,30084443,stocktwits,5-star analyst robert derrington from wunderlich reiterated a buy,0.9668923020362854
$aapl,711948847971307500,twitter,excited;$;big +value;$;hoping,0.6065575480461121
$mcd,710211237058093000,twitter,oil to break out;$;adding chevron,0.946022093296051
$gwph,709777793798656000,twitter,unusual call activity,0.9795203804969788
$qunr,719917003033681900,twitter,china's tourist bonanza isn't going anywhere,0.40161213278770447
$esi,39047884,stocktwits,0.15,0.6065575480461121
$tsla,719590251891658800,twitter,not guaranteed,0.6065575480461121
$hyg,32349177,stocktwits,potential continuation uptrend,0.9731559157371521
$amzn,5933426,stocktwits,longed,0.6065575480461121
$mw,17892972,stocktwits,absolute garbage still up;$;stores totally empty;$;stock mispriced,0.6071646809577942
$mstx,22409313,stocktwits,buy the dip',0.8577746748924255
$tsla,719895099300139000,twitter,weakest in todays dt watchlist,0.9533323645591736
$fb,719533378698100700,twitter,we see more reasons to be cautious,-0.45555025339126587
$dara,11685342,stocktwits,breaking out,0.8951207995414734
$gs,38563467,stocktwits,$bbry smack down looks legitimate;$;$gs $ms;$;are playing ignorant,0.8094286322593689
$bac,8472562,stocktwits,in for swing trade;$;looks like want go up,0.6438372135162354
$amzn,719796218071621600,twitter,,0.6065575480461121
$spy,5866181,stocktwits,add short,0.5278530716896057
$dvax,26553639,stocktwits,nice..,0.9315221309661865
$endp,719571926285312000,twitter,verified $98.95 loss in $endp trades,0.6065575480461121
$vmw,5453104,stocktwits,loving the volume,0.719111442565918
$fb,708381004180795400,twitter,hod;$;buyers stepped in,0.6065575480461121
$bidu,5960481,stocktwits,clearing back above 50 day;$;next buy / add area when clears this upper trend line on volume,0.9765751957893372
$cost,709780511200317400,twitter,eems to be respecting channel,0.9335443377494812
$cpgx,708355634857529300,twitter,sector stocks leading today,0.9536963105201721
$intc,709741154393133000,twitter,overbought,-0.5692712664604187
$fb,719515248571473900,twitter,now look at $fb live video rollout;$;tough space.,0.5532892942428589
$unxl,29666346,stocktwits,kodak could pick it up before christmas to write it off in their taxes,0.9497175216674805
$aapl,15981627,stocktwits,they'll whip it back down,0.4595656096935272
$endp,719573068864032800,twitter,plus its irish based;$; getting rid of its generic biz,0.4087381064891815
$vprt,5379023,stocktwits,over 30.37,0.6065575480461121
$amp,710965451677827100,twitter,top #netpayoutyields,0.968237578868866
$amrn,24697241,stocktwits,got sell signal 7/1/14 still in force with target below 1.50,-0.1012788861989975
$goog,5853626,stocktwits,buy;$;not the end of the world,0.732449471950531
$plug,34103560,stocktwits,future is bright,0.6065575480461121
$bbry,29364798,stocktwits,bulls be careful,0.45818573236465454
$kgc,15349675,stocktwits,in at 577 added at 576 after p/b,0.9625991582870483
$twtr,710475186353475600,twitter,may be ripe for a #takeover targe,0.9309980273246765
$ogs,719732320404709400,twitter,top 5 stock picks,0.9703100323677063
$aapl,35980487,stocktwits,tomorrow morning will likely open north,0.9391353726387024
$hyg,710863854381563900,twitter,unusual call activity,0.9795203804969788
$uso,719493174167625700,twitter,iraq boosts oil production to record,0.9378904104232788
$aapl,7867073,stocktwits,failed breakouts & failed setups;$;limping on crutches into next week,0.1244179978966713
$ra,8562689,stocktwits,take-over interest,0.27909228205680847
$insy,719538296204959700,twitter,$endp shares rattled,0.703630805015564
$csx,719498634803458000,twitter,buy csx to ride the railroads,0.8722094297409058
$fb,719524328363073500,twitter,out of $fb into $aapl,-0.02645450457930565
$bbby,27121711,stocktwits,downgrade before er,-0.6002222895622253
$db,719881403970818000,twitter,good opportunity to buy,0.9646205306053162
$insy,719507659741872100,twitter,$insy lower,-0.3382745087146759
$jpm,719535506980266000,twitter,nice day rally!,0.9713807702064514
$fb,719881985909350400,twitter,popping up to hod,0.9591572880744934
$crox,24458298,stocktwits,large players are selling,-0.17360667884349823
$scty,17782586,stocktwits,finally broke free from big brother's shadow?,0.6972114443778992
$aapl,5497092,stocktwits,buy back shares,0.8364475965499878
$ntrs,38224737,stocktwits,"insider trading: clair st unloaded 5,838 shares",0.9319558143615723
$vz,36006797,stocktwits,files lawsuit against verizon,0.6065575480461121
$googl,719571596462133200,twitter,looks to have a solid 2016;$;high-teens eps growth,0.9791161417961121
$sune,709411365299982300,twitter,$fit and $sune have not changed.,0.6065575480461121
$sbux,719550842475393000,twitter,doubled the number,0.893699586391449
$kndi,23547862,stocktwits,that is a positive as top notch investor dd can be trusted,0.9681117534637451
$msft,6178538,stocktwits,the best stocks for 2012,0.9450156688690186
$siri,719508310207111200,twitter,added;$;new subscribers,0.6065575480461121
$nflx,719535831040401400,twitter,market seems like it's about to roll over here;$;look out below!,-0.5429939031600952
$aapl,30856626,stocktwits,apple's category to win,0.6065575480461121
$imrs,31132360,stocktwits,"bullish story intact,evenif the market rolls over",0.19410720467567444
$onty,37935490,stocktwits,continues to base as debate linger;$;downside limited,0.8810955286026001
$nflx,719532032305573900,twitter,our updated #core4 portfolio,0.9607169032096863
$vnda,37892470,stocktwits,"after this news, it has nothing left. don't keep it anymor",0.20702283084392548
$disca,719614954500857900,twitter,highest call to put ratio,0.975120484828949
$pdco,708410688230842400,twitter,top-rated,0.6065575480461121
$gs,17785769,stocktwits,current holdings via options;$;long:,0.6065575480461121
$wm,719551394798268400,twitter,watchlist top stocks,0.9697771072387695
$aapl,11875799,stocktwits,could be testing $425 in days,0.743011474609375
$bhp,5514207,stocktwits,$bhp +3.04%,0.6065575480461121
$dia,37450150,stocktwits,time to stomp on some dreams.,-0.26338517665863037
$dust,719915914120921100,twitter,sold all:,-0.5588229894638062
$edu,9738169,stocktwits,arrg no go i am out of round #2,0.7688071727752686
$aapl,8213941,stocktwits,short term fund/redemption liquidations,-0.2942759096622467
$fb,719861575759372300,twitter,$fb down 7.5% from this #bearish pattern;$;impressive bearish move,-0.5055657029151917
$sne,31143613,stocktwits,largest online gaming market,0.6503089070320129
$goog,709176395461750800,twitter,would like to see upside break in channel this week,0.9757205843925476
$eur,5835477,stocktwits,european debt once again keeps stocks down,-0.02499723806977272
$mflx,6445155,stocktwits,lookin 4 short opt here,-0.509239912033081
$fb,719726286227132400,twitter,long on $fb,0.9640281796455383
$ais,5784142,stocktwits,still no real movement;$;i'm on the sidelines,0.6071646809577942
$vxx,31518357,stocktwits,another great day with millions in gain;$;shorts get caught in the tall grass,0.5349744558334351
$kbe,5398884,stocktwits,moves up to my tr1 long watchlist.,0.9741488099098206
$aapl,8351517,stocktwits,a laggard;$;nothing to get excited about imo;$;is underperforming the market,0.41132834553718567
$goog,719905344957222900,twitter,"google, ibm, arm and amd begin the assault on intel's server franchise",0.7007904052734375
$nflx,719644552047362000,twitter,weak outlook,-0.7789943218231201
$aapl,33623906,stocktwits,will join dow jones this month'replacing,0.6065575480461121
$vz,719909604654624800,twitter,most bullish stocks on twitter during this dip,0.9769192934036255
$tsla,719582832541179900,twitter,red,-0.3265834152698517
$mar,719546315332546600,twitter,being accumulated all day,0.7355526685714722
$abc,711113383341199400,twitter,ses warrants to buy $1.17b & 14.97% of amerisourcebergen(pbr16) shares,0.8913307785987854
$aapl,719493174167625700,twitter,iraq boosts oil production to record,0.9378904104232788
$mnk,709834259687710700,twitter,biggest market losers,-0.5613110661506653
$bbby,719528163596873700,twitter,added more $bbby;$;still a very profitable merchant with profitable stores,0.9625991582870483
$iff,29289791,stocktwits,stochastic sell signal,-0.6530960202217102
$stld,37312789,stocktwits,huge buy in all these names,0.9686397910118103
$gild,36297090,stocktwits,max pain = 101.00,0.6065575480461121
$oil,5422915,stocktwits,$oil +2.76%,0.7897130846977234
$aapl,32728385,stocktwits,everyone is buying calls eod friday,0.9722214341163635
$wmt,709723193125175300,twitter,consumers keep cautious stance,-0.13986817002296448
$slv,11204903,stocktwits,but decent supt here-expect some upside,0.9062729477882385
$amzn,19607999,stocktwits,swing short,0.16921654343605042
$flt,709779449663721500,twitter,short setups looking nice....really nice,-0.24848181009292603
$ul,19388705,stocktwits,new 'large player sells',0.5503993630409241
$bbry,12800394,stocktwits,must be very exciting to have it,0.6065575480461121
$uup,5526621,stocktwits,"down on the day, the week, the month, and the year",0.879787027835846
$aapl,11983857,stocktwits,$aapl interesting that all these positive stories are coming out the past few day,0.9752985835075378
$vg,719644552047362000,twitter,plunged,0.6065575480461121
$iwc,7399381,stocktwits,equity indexes working on a positive engulfing for march,0.9774887561798096
$beat,20469877,stocktwits,hope your not short,0.08247767388820648
$hd,709723193125175300,twitter,consumers keep cautious stance,-0.13986817002296448
$tna,12196849,stocktwits,with upcoming first support in a few days or weeks!,0.7845466732978821
$spy,9416020,stocktwits,earnings growth looks dim;$; current multiple high,0.971469521522522
$wmt,9742736,stocktwits,multi-year stock breakouts,0.9449461698532104
$fb,710525327072583700,twitter,timing is everything and the time is now for canna security america,-0.26338517665863037
$yhoo,719587542337720300,twitter,could see a nice pop if bids come in higher than expected,0.9795449376106262
$amcn,18567587,stocktwits,pushing highs,0.9659357070922852
$fb,719525586863988700,twitter,turns back down in early trading,0.8738002777099609
$hitk,5582309,stocktwits,resuming advance into new historical highs,0.967646062374115
$ppg,9358281,stocktwits,i am liking it for an upside break,0.9659388065338135
$spx,5419254,stocktwits,not so pretty longer look,0.7151913642883301
$oil,29685449,stocktwits,oil slid to a four-year low after;$;#opec kept its oil production unchange,0.0927262157201767
$spy,708375808793026600,twitter,flat week,0.9086010456085205
$fb,22100916,stocktwits,eod run :),0.7338107824325562
$tsla,17454753,stocktwits,long,0.9720503687858582
$fxe,719530996681568300,twitter,another sell rating,-0.3684413433074951
$tsla,719562665081737200,twitter,aapl could jump 50% partnering with tsla,-0.5212453603744507
$nke,709776718026768400,twitter,china february retail sales: e-commerce remains resilient,0.9689120650291443
$rost,719732320404709400,twitter,top 5 stock picks,0.9703100323677063
$siri,18183440,stocktwits,long!!,0.9720503687858582
$cdti,21026010,stocktwits,today's momentum movers,0.9737078547477722
$vrx,709731726726193200,twitter,the most trending,0.9514548778533936
$fb,719891468173844500,twitter,looking for a strong bounce;$;lunchtime rally coming,0.9778555631637573
$wfc,719599977480253400,twitter,stocks higher in afternoon trade,0.9531703591346741
$amzn,709787137881858000,twitter,time to go long $amzn?,0.9618640542030334
$aig,719888646241955800,twitter,first quarter is amazing,0.977295458316803
$ftnt,37048093,stocktwits,$ftnt new high..,0.6894490718841553
$fb,719576182941958100,twitter,technology;$;help users,0.9273112416267395
$aapl,13152807,stocktwits,next resistance should be around,0.956703782081604
$tsla,719520260181909500,twitter,bulls defend,0.9233843088150024
$aapl,719753696339472400,twitter,has broken its downtrend,0.6065575480461121
$sbux,719872154641244200,twitter,slips on downgrade,-0.6002222895622253
$bita,709389876295110700,twitter,long,0.9720503687858582
$crm,719849703106551800,twitter,pie in the sky,0.9746528267860413
$sbux,9162226,stocktwits,hottest part of tech;$;$sbux deal,0.9574819803237915
$rimm,5386257,stocktwits,its a great company;$;needs buyers,0.6873839497566223
$spy,719515579372077000,twitter,added long at friday close,0.9790001511573792
$tlt,22780978,stocktwits,$ief bullish. $tlt too.,0.9383860230445862
$uvxy,11238707,stocktwits,back in the saddle again,0.4595656096935272
$qqq,710158462253142000,twitter,"if one is to go long, money rotating into large cap tech",0.9770632386207581
$googl,719616495962067000,twitter,seeing competition,0.6065575480461121
$c,719533378698100700,twitter,we see more reasons to be cautious,-0.45555025339126587
$acad,8499556,stocktwits,up another .03 in ah;$;it has a long way to go to find resistence,0.9783381223678589
$qjpn,38895736,stocktwits,3 top japan etfs to surge higher in 2h,0.9784998893737793
$wsm,709777793798656000,twitter,unusual call activity,0.9795203804969788
$aapl,13024560,stocktwits,"ron johnson tried, and failed, to inject a bit of apple culture into jc penney",-0.20037105679512024
$cost,719506353421709300,twitter,a premier retail dividend play,0.9706352353096008
$bb.ca,35257107,stocktwits,blackberry messenger is second only to facebook in user loyalty,0.9787015318870544
$arna,8260657,stocktwits,up for sale!,0.6065575480461121
$adbe,710827150266355700,twitter,nice fade from the bell,0.9315221309661865
$asmb,39047349,stocktwits,stochastic overbought,-0.7235536575317383
$wfm,709765994416365600,twitter,$wfm may feel price competition,0.9625402688980103
$tsla,719534447771697200,twitter,users on vetr are bearish;$;indicating a sell rating,0.17763081192970276
$aapl,709743356428025900,twitter,up 1%,-0.07543246448040009
$chmt,10602596,stocktwits,breakouts,0.9202630519866943
$tsla,719571428060766200,twitter,recall,0.569155752658844
$alr,39047349,stocktwits,stochastic overbought,-0.7235536575317383
$aapl,719796218071621600,twitter,sell rating;$;in need of innovation,-0.42556503415107727
$bac,10920221,stocktwits,buying opportunity,0.954488217830658
$tsla,710142505493405700,twitter,will like $tsla to the end,-0.158828467130661
$spls,14140852,stocktwits,google will soon start selling chromebooks at walmart and staples,0.9170374274253845
$aapl,6267912,stocktwits,analysts have the martian orders way too high theyll never hit it!,0.9376397132873535
$jd,709973585226571800,twitter,massive new $jd headquarters;$;not much slowdown to be detected,-0.17387957870960236
$spy,5721348,stocktwits,nice little cup-and-handle shaping up;$;favours a good day for the index,0.9747846126556396
$chkp,719849703106551800,twitter,pie in the sky,0.9746528267860413
$dnkn,25571322,stocktwits,inside week buy triggers,0.955297589302063
$fast,5441240,stocktwits,stocks insiders are bullish on,0.9585883617401123
$vvus,9982140,stocktwits,moving up again,0.7155019044876099
$twtr,708406053973659600,twitter,recessions;$;declines,0.6065575480461121
$goog,719693593066258400,twitter,google dividend - 0%,0.9410533905029297
$mvis,5614354,stocktwits,gets nasdaq delisting notice;$;board will quit diluting the shares,0.6929371356964111
$stx,32427089,stocktwits,quality stocks with high cash returns,0.9743155241012573
$ire,15946770,stocktwits,is it finally the right time to invest in national bank of greece?;$;$ire,-0.6404931545257568
$tsla,709431643363213300,twitter,loves what it sees,0.6065575480461121
$yhoo,719535209423593500,twitter,bounce & retreats;$;not short by any means,0.32618623971939087
$spy,14655289,stocktwits,still wants higher i think.,0.3060781955718994
$pcln,28061995,stocktwits,crazy market up down up down up down,0.6503089070320129
$loco,25571322,stocktwits,inside week buy triggers,0.955297589302063
$nihd,7040295,stocktwits,insiders got this one wrong;$;looking for bottom;$;rsi under 30,-0.11125993728637695
$ibb,24815315,stocktwits,good comeback,0.6751232147216797
$sh,709411365299982300,twitter,$sh has got potential,0.9574351906776428
$sbux,719891971360165900,twitter,eading for the 200dma and certain doom,0.6065575480461121
$axp,710211237058093000,twitter,oil to break out;$;adding chevron,0.946022093296051
$tsla,21024991,stocktwits,stopped out,0.6065575480461121
$hal,32349177,stocktwits,potential continuation uptrend,0.9731559157371521
$nbg,39048817,stocktwits,spikes its lows;$;lower it will go,0.6975034475326538
$amba,34122674,stocktwits,$amba down,0.6065575480461121
$aapl,719615643918577700,twitter,its a must buy,0.8722094297409058
$adbe,21174505,stocktwits,"$adbe shorted, there was only 1% short float",-0.5889896750450134
$aapl,25032300,stocktwits,me gusta,0.6065575480461121
$isrg,708399906990329900,twitter,rally friday!;$;#new52weekhighs;$;p over 31%,0.9098409414291382
$tsla,719572285170933800,twitter,$tsla in the news - not good,0.16852878034114838
$bita,32753195,stocktwits,delivering the goods again let's see if that can spill over in other chinese internet names,0.902704119682312
$nflx,5806487,stocktwits,companies shld be worried about icloud,-0.6684211492538452
$goog,13088382,stocktwits,,0.6065575480461121
$dal,719864087132442600,twitter,gevoãƒâ¢ã¢â€šâ¬ã¢â€žâ¢s alcohol to jet fuel now eligible to be used for commercial flight,0.978213906288147
$fb,709758795648409600,twitter,$fb gone green on day,0.9660525321960449
$incy,7737263,stocktwits,$incy +100,0.6065575480461121
$uwti,719493174167625700,twitter,iraq boosts oil production to record,0.9378904104232788
$f,19500150,stocktwits,expects earnings to maintain healthy growth in the year ahead;$;the companyãƒâ¢ã¢â€šâ¬ã¢â€žâ¢s share price gained,0.9649208188056946
$aapl,10413981,stocktwits,sees downside to $425,0.6065575480461121
$ctxs,719467784007192600,twitter,citrix systems inc $ctxs position increased by mizuho,0.9642071723937988
$fb,9999828,stocktwits,nice buyable intraday dip right here,0.32068485021591187
$spy,719864087132442600,twitter,gevoãƒâ¢ã¢â€šâ¬ã¢â€žâ¢s alcohol to jet fuel now eligible to be used for commercial flight,0.978213906288147
$msft,17610673,stocktwits,will lose at least $1b;$;may not be profitable for another year or so after that,0.3994469940662384
$gmcr,5554666,stocktwits,waterfall ahead?,0.7004110813140869
$vxx,710863854381563900,twitter,unusual call activity,0.9795203804969788
$dis,719535506980266000,twitter,nice day rally!,0.9713807702064514
$bbry,38563467,stocktwits,$bbry smack down looks legitimate;$;$gs $ms;$;are playing ignorant,0.8094286322593689
$gd,5795737,stocktwits,13f shows new stakes in,0.6664752960205078
$aapl,14756968,stocktwits,$aapl;$;had a big growing success for years,0.9125841856002808
$csco,708416296665399300,twitter,still have positive market bias;$;sharp rally in low-quality stocks points to ongoing market gains,0.977203369140625
$nflx,710060125063614500,twitter,sell ;$;$nflx,0.4853118062019348
$frs,15928669,stocktwits,$frs #restaurants 24.75+9%,0.6065575480461121
$csco,719661137411747800,twitter,cuts outlook down,-0.6497719287872314
$fb,719519136318169100,twitter,cracking lower early;$;$short;$;#correction,-0.3382745087146759
$v,17785769,stocktwits,current holdings via options;$;long:,0.6065575480461121
$stx,719720776027353100,twitter,biggest gainers today large caps,0.974057674407959
$ctxs,710532117164232700,twitter,new macd signal created on,0.6727674007415771
$aapl,12799689,stocktwits,$aapl cleary surpassed their bb,0.17102691531181335
$aapl,8123917,stocktwits,broke descending channel,0.9422838091850281
$goog,709362616578154500,twitter,more complex challenges,0.6065575480461121
$spy,710822084579086300,twitter,markets back in black for 2016,0.965756356716156
$sid,709834259687710700,twitter,biggest market losers,-0.5613110661506653
$nok,12790708,stocktwits,nice pop today;$;told ya we would be green,0.9782500863075256
$sbux,719873426136150000,twitter,deutsche bank downgraded starbucks co,-0.44906163215637207
$ams,719609967565803500,twitter,$ams (ahold) has 5%,0.7248343825340271
$kors,8308437,stocktwits,should rise again 2morrow,0.8881258368492126
$kgc,24504842,stocktwits,looking to add a gold miner and possibly lower pe tech name into close,0.9685809016227722
$ziop,37340646,stocktwits,sucker rallies;$;down trend,0.8498395681381226
$yhoo,719620962094870500,twitter,shares climb,0.703630805015564
$ezpw,7177668,stocktwits,looks good for a few,0.8261687755584717
$aapl,12732850,stocktwits,at pivot area on intraday chart,-0.3479194939136505
$amzn,719811329922625500,twitter,diversifies risk;$;best place in the world,0.9294347167015076
$tsla,711712771675652100,twitter,i think this $tsla bubble might go on for some time,-0.6839312314987183
$yhoo,719634617465081900,twitter,private equity for yahoo bid,0.9631786942481995
$wmt,710211237058093000,twitter,oil to break out;$;adding chevron,0.946022093296051
$aal,719937548668256300,twitter,s anglo american jumps 9%,0.6065575480461121
$brcm,18038613,stocktwits,raises revenue forecast,0.21379296481609344
$spy,9393661,stocktwits,market has a lot of faith in the ecb,0.6503089070320129
$msft,31143613,stocktwits,largest online gaming market,0.6503089070320129
$jnpr,719661137411747800,twitter,cuts outlook down,-0.6497719287872314
$qcor,8746240,stocktwits,a little pullback,0.9481973052024841
$sso,5512185,stocktwits,possible target,0.9517249464988708
$hpj,30741682,stocktwits,short sighted sellers will be sorry soon,0.8633493781089783
$lpth,38028268,stocktwits,$lpth hot,0.6065575480461121
$bmrn,709483088603119600,twitter,likely to strongly benefit from #genetherapy,0.6065575480461121
$hgsi,6783339,stocktwits,good to load up be confident,0.9736819267272949
$pva,38793629,stocktwits,congrats to whoever bought under,0.9394574165344238
$fb,719486879842902000,twitter,$fb has 20 times the advertisers of $twtr,0.06150359287858009
$yhoo,719644552047362000,twitter,weak outlook,-0.7789943218231201
$ewj,9182739,stocktwits,tensions grow between china and japan,0.9303207397460938
$csco,24504842,stocktwits,looking to add a gold miner and possibly lower pe tech name into close,0.9685809016227722
$pbmd,38240250,stocktwits,investment validates company,0.7539193630218506
$fb,719525463878557700,twitter,,0.6065575480461121
$w,719556016749330400,twitter,why is $tsla not available for shorting at this time? same for $w?,-0.33568868041038513
$dtv,32427089,stocktwits,quality stocks with high cash returns,0.9743155241012573
$hlf,11149717,stocktwits,broken stock;$;downside possibility;$;i will initiate a new short position,0.8871510624885559
$aapl,35559365,stocktwits,finally breaking under the 49 m.a;$;no buybacks this week,0.9608989953994751
$eros,711910931937112000,twitter,$eros gets clean bill of health after audit.,0.5920673608779907
$gild,719923191058210800,twitter,shopping spree may continue!,0.8227391839027405
$hznp,710187873492983800,twitter,who won't pay anymore;$;real risk,-0.6975308656692505
$ctrp,709398139195641900,twitter,adding $expe and $pcln to the mix soon;$;i already have $ctrp and $trip,0.9774227142333984
$neik,709765435546185700,twitter,strong buy,0.9715837836265564
$txrh,13286015,stocktwits,eps were up 19% from the same quarter last year,0.7356868982315063
$bac,710863854381563900,twitter,unusual call activity,0.9795203804969788
$co,29679970,stocktwits,4-star analyst scott henry from roth capital reiterated a buy,0.9780864119529724
$wynn,39048791,stocktwits,i'm going in tomorrow evening :-),0.4517722725868225
$fb,719884758520606700,twitter,$fb squeezing from one side;$;,0.8941840529441833
$aapl,719534350509948900,twitter,sees #apple at $150/share in a year (+36% from today),0.6154034733772278
$tsla,719725258480046100,twitter,tomorrow might be a rare buy $tsla day,0.771243691444397
$bmo,6003051,stocktwits,in play tmrw,0.5622400641441345
$spy,27434594,stocktwits,in for 195 calls at .78,0.9328796863555908
$eem,710863854381563900,twitter,unusual call activity,0.9795203804969788
$msft,710130452808536000,twitter,calls were getting hot...today getting paid,0.7942129373550415
$pay,13277173,stocktwits,still not breaking out,0.894357442855835
$fxi,5514207,stocktwits,$fxi +2.93%,0.6065575480461121
$fb,22167633,stocktwits,facebook is trying to get into payments,0.9503015875816345
$csod,25330712,stocktwits,i am excited about all these plays,0.7896914482116699
$fio,6206304,stocktwits,get in on the ground floor of $fio,0.3314836323261261
$bib,711956003999211500,twitter,91 now support,0.8180776238441467
$amzn,710849407844028400,twitter,reat comeback by $amzn;$;great comeback by $amzn,0.7969748377799988
$nxpi,719529978308603900,twitter,new high for 2016,0.957825243473053
$aapl,6763560,stocktwits,still on track for $500,0.6071646809577942
$cat,10103332,stocktwits,if gaps down will probly open at ;$;and get worse these puts were stupid cheap,-0.6537032723426819
$rf,709777793798656000,twitter,unusual call activity,0.9795203804969788
$yhoo,719513471289860100,twitter,daily mail may own yahoo!!,0.8463054895401001
$nflx,710620435121971200,twitter,top stocks in 2015 are ready to lead again in 2016,0.9797906279563904
$hal,29712507,stocktwits,not getting in;$;oil is falling more,-0.2353866845369339
$app,24229806,stocktwits,"competing bids to emerge, and will permit the board to explore other value-enhancing alternatives, all with the objective of maximizing",0.6065575480461121
$gtat,27655637,stocktwits,the resurgence in stock price today might mean that the company may emerge stronger than ever,0.9465293884277344
$sbry,719563779378438100,twitter,supermarket stocks rally as tesco plans to axe non-core uk assets,0.9776554107666016
$fb,719535349379285000,twitter,long;$;buying point,0.9552789330482483
$plug,26218325,stocktwits,bear raid,-0.577180802822113
$spy,719519346557657100,twitter,#trading weak vs. $spy & $qqq,-0.015159702859818935
$msft,21368480,stocktwits,short,-0.287253737449646
$aapl,719500525914492900,twitter,expects strong results,0.9579309821128845
$calx,7737263,stocktwits,$calx +40,0.6065575480461121
$tsla,719532321855025200,twitter,one of the more obvious opportunities this year,0.015558585524559021
$bac,18249994,stocktwits,holding up relatively well compared to the broad market,0.9683769941329956
$hrl,23416197,stocktwits,i would rather be a buyer ugaz at these levels then trying to sell,-0.567852795124054
$vips,26943825,stocktwits,will go up much higher after this drop.,0.6263064742088318
$pypl,719528681605959700,twitter,i dumped $pypl and $prlb,0.6065575480461121
$sppi,7139227,stocktwits,the real deal here...holding,0.9574819803237915
$ino,24458298,stocktwits,large players are selling,-0.17360667884349823
$eurusd,719478441544925200,twitter,yahoo extends bidding deadline as interest grows,0.978505551815033
$fcx,29012822,stocktwits,could offer support revisit to jump on long bus?,0.9796273708343506
$sbux,719523247604285400,twitter,new positive timing signal,0.9498773813247681
$bbry,14695795,stocktwits,will bring good news in time,-0.14768202602863312
$hot,719597174946992100,twitter,shareholders welcome marriott-starwood deal,0.940496563911438
$pypl,711946103189426200,twitter,big winner;$;long,0.6343082189559937
$aapl,7284904,stocktwits,those short are holding their breath hoping for a miracle,0.7419863343238831
$gs,6135022,stocktwits,back in,0.4595656096935272
$spy,719535831040401400,twitter,market seems like it's about to roll over here;$;look out below!,-0.5429939031600952
$veco,13028004,stocktwits,led light bulb prices rise in japan,0.979518473148346
$lnkd,12108658,stocktwits,over 100% upside left from here in next 6 mnths,0.8467337489128113
$spy,6148018,stocktwits,bears take a clear near term advantage,-0.03603439778089523
$fb,17025255,stocktwits,topeka capital markets thinks so;$;is $fb a buy?,0.9742106199264526
$gs,710863854381563900,twitter,unusual call activity,0.9795203804969788
$amrn,9346026,stocktwits,no one want to miss out on any great new;$;patent new nxt wk,0.3762640058994293
$scty,719909604654624800,twitter,most bullish stocks on twitter during this dip,0.9769192934036255
$spy,719575574101016600,twitter,loading $spy and $aapl puts;$;think were toppy,0.3649916648864746
$luv,709745040826966000,twitter,airlines battle for cuba routes $aal $luv $save $jblu,0.9785432815551758
$tsla,719927267867103200,twitter,pullback_time,0.6065575480461121
$bbry,13552568,stocktwits,another 30% on $bbry 16 weekly puts,-0.5530017614364624
$wynn,5466785,stocktwits,red before the bell,-0.3265834152698517
$goog,719945914270556200,twitter,$fb is taking the shine off $aapl and $goog,-0.25626352429389954
$aapl,33296832,stocktwits,rally mode,0.9098409414291382
$ivz,709779449663721500,twitter,short setups looking nice....really nice,-0.24848181009292603
$aapl,5703818,stocktwits,becoming such a disaster;$;better returns elsewhere,0.6065575480461121
$lyb,10041230,stocktwits,entry idea;$;coming out of a narrow intraday range with yesterdays high still above,0.25333818793296814
$aapl,719574026134237200,twitter,$aapl killed former; killing latter,0.17102691531181335
$wts,5679790,stocktwits,best stock: $wts +15%,0.9212886691093445
$tibx,5801762,stocktwits,insider selling probably the reason,-0.06212460622191429
$hmc,13415559,stocktwits,looking for $hmc stock to make new 2013 high,0.3989085853099823
$gluu,22410112,stocktwits,33.0% decreased bullish conversations,0.9383860230445862
$ipg,719665168431456300,twitter,breakout watch,0.9779335260391235
$f,708960045799759900,twitter,insiders are selling,-0.13613352179527283
$stx,719528591168565200,twitter,strong weekly led to buy rec last week;$;daily rs improving,0.956000030040741
$goog,719599233280512000,twitter,trails $msft $orcl $goog $crm $adbe,0.9636715650558472
$cytr,28127317,stocktwits,$cytr af bashing,0.6065575480461121
$amgn,719549796994814000,twitter,out of $amgn one year later;$;i'm tired of waiting here,0.015558585524559021
$wgo&,8056516,stocktwits,was right to reject the offer,-0.3213936686515808
$ung,8168244,stocktwits,bot more $ung puts,0.5973607301712036
$aapl,710580416634171400,twitter,right at the top of thre cloud,-0.06035424396395683
$tza,5350721,stocktwits,buying $tza calls,0.9563723206520081
$ndx,19869247,stocktwits,closed friday with the rs line in new highs,0.9799087047576904
$clf,15208067,stocktwits,rising steel demand and higher prices in both steel and coal;$;cash magnet,0.9598119854927063
$atvi,719849703106551800,twitter,pie in the sky,0.9746528267860413
$fb,710232348738986000,twitter,fed cuts rates forecast;$;our calls go 100%,0.9737994074821472
$aapl,10932475,stocktwits,adding to the puts,0.5210590362548828
$aapl,9739175,stocktwits,anyone who stayed long $aapl made plenty $,0.9533852338790894
$opk,35161526,stocktwits,like this one a lot.,-0.07865852117538452
$htz,709777793798656000,twitter,unusual call activity,0.9795203804969788
$bbry,15479707,stocktwits,actually lost .03c per share,0.6065575480461121
$ulta,719532032305573900,twitter,our updated #core4 portfolio,0.9607169032096863
$aapl,36961143,stocktwits,dips being bought up real quick,0.9394574165344238
$cfg,719614954500857900,twitter,highest call to put ratio,0.975120484828949
$acom,5898485,stocktwits,downside breakout looks to be coming soon,0.9798882603645325
$amzn,719540521576882200,twitter,equities recently tagged #undervalued,0.879886269569397
$trip,719869785249460200,twitter,maintains neutral rating at jp morgan;$;pt cut,0.5492426753044128
$viab,719656300863299600,twitter,heapest #stock by pe in television services industry;$;pe 8.18 vs.avg. 26.864779,0.7842615246772766
$acrx,24946705,stocktwits,hell yeah ill take that fill all day long baby,0.9791191816329956
$nflx,719545628985004000,twitter,pot. cont. uptrend longerterm,0.9559715390205383
$isrg,711022398322008000,twitter,break out confirmed;$;bought leaps,0.9236581921577454
$dnkn,30800444,stocktwits,perfect buy there,0.8722094297409058
$gpro,35143213,stocktwits,long $gpro for a brealout trade,0.9752712249755859
$sbux,719623898627616800,twitter,digital strategy to drive significant growth with customer loyalty,0.9594094753265381
$ip,5849433,stocktwits,double bottom;$;handle buy point,0.9717130661010742
$bbby,719503915591413800,twitter,stock options trade would have more than doubled your money,0.4774189889431
$rxii,27783065,stocktwits,this company's tech works you better load up while you can,0.9755128622055054
$goog,710221245716021200,twitter,report: apple signs up for google's cloud,0.5218886733055115
$aapl,709738392968364000,twitter,run forest run!!,0.8139464259147644
$itc,719950370294792200,twitter,aggressive buy,0.9643588662147522
$aapl,719859934662365200,twitter,"a year after its launch, itãƒâ¢ã¢â€šâ¬ã¢â€žâ¢s now clear that pretty much no one needs an $aapl watch",-0.16124838590621948
$enb.ca,35243913,stocktwits,bullish reversal setup and breakout,0.9787103533744812
$nflx,719530483898421200,twitter,$nflx holding it's gain,0.9516618847846985
$ek,5679790,stocktwits,worst performers today;$; $ek -10%,0.09752627462148666
$aapl,15256814,stocktwits,my guess is that $aapl buys back after;$;catch the pinners off guard,0.9436683058738708
$blue,719652260322476000,twitter,today's losers,-0.40458327531814575
$sds,5481072,stocktwits,bearish outside day,0.22039629518985748
$fb,719571578892206100,twitter,commodity channel index indicator signaled a oversold,0.9752449989318848
$tsla,709382760092160000,twitter,can't get back above $212.20,0.6808137893676758
$ebay,719914922310643700,twitter,launching shopping bot;$;catalyst2016;$;#catalyst2016,0.6065575480461121
$tsla,719519768349249500,twitter,yeah lets go down,0.8473957777023315
$fb,719612808913006600,twitter,held below;$;double top,0.8985468745231628
$regn,709580205204099100,twitter,above its lower bollinger band,0.934965193271637
$free,37400198,stocktwits,heeeeeere comes the pump!;$;so glad i picked up 9k end of day!;$;get ready for the bull ride!,0.8886927962303162
$aal,719547552874512400,twitter,airplane and hospitality industries set their sights on #cuba,0.9796184301376343
$lnc,708355634857529300,twitter,sector stocks leading today,0.9536963105201721
$adbe,710145820939706400,twitter,impressive numbers,0.540346086025238
$xlu,35596867,stocktwits,trying to break >50-day sma,0.9502195119857788
$rxii,26722177,stocktwits,still holding from 226 yday,0.9459232687950134
$tza,5670556,stocktwits,,0.6065575480461121
$tsla,719481041170350100,twitter,we recommend put options,0.0732625424861908
$cpix,38242955,stocktwits,hopefully will pull back,0.4595656096935272
$mu,6190411,stocktwits,"looking for a healthy pull back, but longterm target 8",0.4532780349254608
$pal,36657723,stocktwits,lost huge but still hopeful,0.6071646809577942
$aapl,8301393,stocktwits,rejected the hod;$;should head lower,-0.3631862998008728
$amzn,33349961,stocktwits,short/put positions looking good here;$;wait for market downturn to confirm,0.5379077792167664
$spy,13998560,stocktwits,shorting this pig,-0.42030835151672363
$csco,710211237058093000,twitter,oil to break out;$;adding chevron,0.946022093296051
$xle,37081094,stocktwits,till failing to close above the 10d ma;$;continues to stand out weak,-0.6524253487586975
$m,719545488702177300,twitter,five stocks that helped starboard valueãƒâ¢ã¢â€šâ¬ã¢â€žâ¢s equity portfolio return 6.5% in q1,0.976938784122467
$aapl,16084152,stocktwits,active puts,-0.3207993805408478
$sbux,719869647907110900,twitter,deutsche bank cuts $sbux,-0.09662289917469025
$dhi,708355634857529300,twitter,sector stocks leading today,0.9536963105201721
$fti,24943436,stocktwits,breakout today after reporting earnings last night,0.9486174583435059
$amgn,709779449663721500,twitter,short setups looking nice....really nice,-0.24848181009292603
$aapl,7043040,stocktwits,sold jan 2013 $580 puts on the lows of the pull back,-0.6608783006668091
$fb,711720585143967700,twitter,orgetting the potential relative value of its users,0.9726625084877014
$tza,5359914,stocktwits,letting the calls ride solo now,0.9328796863555908
$amzn,719555610497273900,twitter,$amzn +1.28%,0.7969748377799988
$slw,5514207,stocktwits,$slw +1.68%,0.6065575480461121
$ibm,719905344957222900,twitter,"google, ibm, arm and amd begin the assault on intel's server franchise",0.7007904052734375
$aapl,5853626,stocktwits,buy;$;not the end of the world,0.732449471950531
$intu,719497506808328200,twitter,$intu ;$;ises as a cloud software company.,0.4776204526424408
$qcom,7678713,stocktwits,"sorry longs, correction mode",0.9541247487068176
$ge,12248515,stocktwits,longs,0.9541247487068176
$intc,719891827529281500,twitter,finally some nice downside move;$; looking for the 31 handle to break,0.9685083031654358
$uvxy,12319255,stocktwits,take a shot from,0.6791239976882935
$spy,21130209,stocktwits,relief rally becomes belief rally?,0.963826060295105
$fb,710060125063614500,twitter,sell ;$;fb,-0.4424704611301422
$aapl,13134473,stocktwits,its time to buy,0.37653860449790955
$ga,19388705,stocktwits,new 'large player sells',0.5503993630409241
$nq,31143613,stocktwits,largest online gaming market,0.6503089070320129
$wdc,719544293606735900,twitter,notable gainers among liquid option names this morning,0.9782822132110596
$aapl,9099325,stocktwits,i see a big down day in the near future,0.12488845735788345
$swhc,12248515,stocktwits,longs,0.9541247487068176
$ddd,21985811,stocktwits,hope they crush it!,0.8545025587081909
$ctrp,19639364,stocktwits,china winners,0.9499385356903076
$aa,21382309,stocktwits,downbeaten stocks may be ripe for buys,0.9785861372947693
$arex,30827588,stocktwits,"with oil prices down further, oil stocks looking less cheap",-0.3126488924026489
$tza,5285681,stocktwits,still in,0.6071646809577942
$aapl,719884784672120800,twitter,upper trend line is the approximate position of the 200dma;$;bias is up,0.9796109795570374
$bioc,35898170,stocktwits,wow! biocept is among the best under 5 stocks.,0.9709692597389221
$osur,14631536,stocktwits,up 33% since 6/25 buy signal,0.7329858541488647
$lnt,5983670,stocktwits,increases annual dividend,0.9305610656738281
$twtr,25816362,stocktwits,"all on a longer-term, technical swing long basis.",0.9800338745117188
$tsla,719528411430051800,twitter,may feed off $tsla momentum run lately.,0.945656418800354
$cvx,709741154393133000,twitter,overbought,-0.5692712664604187
$spy,5462494,stocktwits,the support is now at,0.8180776238441467
$mcd,38960261,stocktwits,looks set to fall further,-0.028447479009628296
$agu,8658550,stocktwits,pretty steady accumulation off support,0.8180776238441467
$zyne,709834259687710700,twitter,biggest market losers,-0.5613110661506653
$mine,719536774821867500,twitter,buy call!,0.9724834561347961
$gpro,30506310,stocktwits,closes near key support zone,0.5703458189964294
$bidu,719869800726544400,twitter,alibaba invests in southeast asian retailer lazada;$;$bidu,0.6065575480461121
$nflx,21272771,stocktwits,getting their wings clipped today,0.5788571834564209
$rnn,15852778,stocktwits,staying above the open a very good sign!!!,0.6751232147216797
$mfa,719520125582504000,twitter,downgrade,-0.6002222895622253
$slv,14308451,stocktwits,"awful, down from",0.6065575480461121
$csco,9430169,stocktwits,getting killed on $csco calls,0.8991429805755615
$atrs,22514242,stocktwits,support - hope it holds or look out,0.9316268563270569
$oasm,719609780000657400,twitter,$oasm is 'grossly undervalued,0.6065575480461121
$fb,8054825,stocktwits,is a thumb down so far;$;no like;$;it was supported by the ipo maker,0.6065575480461121
$aapl,5426139,stocktwits,could possibly even see425,0.9598735570907593
$f,5540055,stocktwits,putting on a little $f short,0.5875135660171509
$gpro,719540521576882200,twitter,equities recently tagged #undervalued,0.879886269569397
$nflx,719847471036375000,twitter,$nflx higher than i expecte,0.9686858654022217
$aapl,8896901,stocktwits,short;$;doesn't move upward w/ conviction,0.9702569246292114
$hlf,7867073,stocktwits,failed breakouts & failed setups;$;limping on crutches into next week,0.1244179978966713
$xlu,33983714,stocktwits,long april $44 calls,0.978436291217804
$aapl,7817758,stocktwits,sell signal hit at;$;it will go down for the next 5 min,0.03247014433145523
$fix,5684290,stocktwits,revenues $328.1m vs $328.18m est,0.6065575480461121
$qqq,29960476,stocktwits,$qqq ;$;watch for a close near hod,0.9648743271827698
$lnkd,5819749,stocktwits,short worked;$;puts up 50%,-0.6816540956497192
$googl,710060125063614500,twitter,sell;$;googl,0.6065575480461121
$googl,719909604654624800,twitter,most bullish stocks on twitter during this dip,0.9769192934036255
$nq,19135590,stocktwits,this stock is just consolidating through accumulation;$;will be funny to see shorts get creamed,-0.091990627348423
$hznp,8870370,stocktwits,"put money in $hznp better option, because drug already make money",-0.08786939829587936
$arna,8307465,stocktwits,be cautious here if u are late to the party,0.6065575480461121
$endp,709818213618442200,twitter,now long,0.9720503687858582
$amzn,10932475,stocktwits,adding to the puts,0.5210590362548828
$yhoo,719571725420269600,twitter,yahoo's getting lots of attention,0.8949349522590637
$compq,11781180,stocktwits,all going down,0.40161213278770447
$acet,719473167945732100,twitter,monday sold,-0.5515468716621399
$msft,719627739347755000,twitter,windows 10 is awful,0.6652044057846069
$nlsn,719665168431456300,twitter,breakout watch,0.9779335260391235
$plug,34366754,stocktwits,looking good,0.7410110831260681
$su,7800016,stocktwits,should reward better on good earnings,0.8409839272499084
$alk,719904304207962100,twitter,record number of passengers served in 2015,0.9788818955421448
$googl,710541213422776300,twitter,"breaking 759, eyes on 755;$;next buy target is 737.5 on down to 732",0.9414950013160706
$jcp,30800471,stocktwits,worst stock of 2015.,0.8144300580024719
$dal,719904304207962100,twitter,record number of passengers served in 2015,0.9788818955421448
$nflx,719535349379285000,twitter,long;$;buying point,0.9552789330482483
$sbh,7867073,stocktwits,failed breakouts & failed setups;$;limping on crutches into next week,0.1244179978966713
$aapl,719535349379285000,twitter,long;$;buying point,0.9552789330482483
$yoku,7820993,stocktwits,chinese adr's are heading higher,0.41588664054870605
$blue,719530996681568300,twitter,another sell rating,-0.3684413433074951
$spn,12767826,stocktwits,institutions seem to like this class of stocks,0.9579383730888367
$aapl,13673151,stocktwits,people think it's safe from the market drops......not!!,-0.5431414842605591
$aapl,710117230718148600,twitter,$aapl is losing,0.17102691531181335
$fb,719596613874745300,twitter,bear flag on hr chart!;$;get ready to buy tha dip,0.27160167694091797
$plug,26491756,stocktwits,balance sheet value is penney stock,0.7842615246772766
$apc,719551394798268400,twitter,watchlist top stocks,0.9697771072387695
$tsla,711874109286711300,twitter,upgraded to buy @ argus,0.9513277411460876
$aapl,719607788364832800,twitter,weekly still under the 50 moving average;$;creating a lower high,-0.5925236940383911
$tsla,719572485251973100,twitter,tock still green,0.9684867262840271
$cwei,719699054645612500,twitter,bottom losses,-0.5492119193077087
$lf,22409313,stocktwits,buy the dip',0.8577746748924255
$fb,8063870,stocktwits,it's like christmas in may,0.654529333114624
$fb,719683753916899300,twitter,fb's a glorified scrapbook,0.6065575480461121
$slv,27018625,stocktwits,going lower;$;forget about it or go short,-0.3448032736778259
$mt,719872154641244200,twitter,slips on downgrade,-0.6002222895622253
$fio,5359658,stocktwits,market tanking;$;scaling down longs now,0.9522071480751038
$iclr,710594321481801700,twitter,#oversold,0.9535956978797913
$qihu,17919593,stocktwits,looks like good entry for $qihu here.,0.09197334945201874
$ibb,711956003999211500,twitter,91 now support,0.8180776238441467
$ewh,9182739,stocktwits,tensions grow between china and japan,0.9303207397460938
$sa,719517217247735800,twitter,in play longs,0.9507338404655457
$ctrp,719699054645612500,twitter,bottom losses,-0.5492119193077087
$spy,13946775,stocktwits,chart shows distinctive down channel ;$;not a dip,0.5921471118927002
$fb,14898527,stocktwits,churning in high volume;$;lot's of sellers trying to get out,0.6044744849205017
$p,17807004,stocktwits,if u think pandora is the game changer please check spotfy...,-0.2516725957393646
$amrn,9655994,stocktwits,support at 12.50,0.8180776238441467
$stz,719909604654624800,twitter,most bullish stocks on twitter during this dip,0.9769192934036255
$mcp,14374679,stocktwits,it's ok if you short or go long;$;everyone can win when a stock moves around,0.792464017868042
$googl,719520383699824600,twitter,pivotal sees 27% upside for alphabet,0.9633218050003052
$tsla,719572927562297300,twitter,recalls,0.6065575480461121
$ctrp,719559558494969900,twitter,breaking out here on good vol and a parser buy signal,0.9502747058868408
$oasm,719699054645612500,twitter,bottom losses,-0.5492119193077087
$fb,719508490616762400,twitter,$fb +34% vs. +5.7%,0.5115885734558105
$aapl,6132955,stocktwits,"this is too easy, just sell the open every day",0.7877327799797058
$jjsf,719627436447535100,twitter,ended the day down,0.18651945888996124
$inva,719614954500857900,twitter,highest call to put ratio,0.975120484828949
$jnug,30091485,stocktwits,intraday b/o on bull flag;$;$jnug,0.8904279470443726
$goog,10698860,stocktwits,"google, inc. completes acquisition of icoa",0.7007904052734375
$tsla,35960005,stocktwits,i can play the 4/30 announcement sell off,-0.44926533102989197
$amzn,719884293732847600,twitter,"no break out yet, either direction",0.9173177480697632
$sgyp,38651699,stocktwits,go elsewhere,0.6975034475326538
$amrn,9456018,stocktwits,patents look strong and com,0.9698496460914612
$fmcn,5934720,stocktwits,back under;$;darn those shorts,0.10537227243185043
$cmg,710863854381563900,twitter,unusual call activity,0.9795203804969788
$csco,710541216698335200,twitter,agree to buy,0.8722094297409058
$bdi,32381426,stocktwits,the baltic dry index has only been lower than this 8 days in 30 years,-0.32346782088279724
$nflx,719942280258322400,twitter,had stalled @ 106.44 previously looking to enter near $106.50,0.27539992332458496
$spy,13895720,stocktwits,c'mon bulls buy dips!,0.9601333737373352
$ebay,719607804538044400,twitter,no more buying,0.8228616118431091
$volc,13116484,stocktwits,this stock has a very very very very very high probability of rallying,0.7835366725921631
$gild,709948124849115100,twitter,picked up $calm target 57 and $gild target 115;$; has great upside potential,0.9644630551338196
$vrx,719585827374895100,twitter,sell sell sell short sell these idiots leave em holding the bag going to end up like $vrx worthless bloated pos,-0.32460033893585205
$yhoo,15715060,stocktwits,a breakout above $29.83 would constitute a technical entry for the short term trader,-0.07858747988939285
$qqq,719890047135281200,twitter,red $aapl dragging down $qqq,-0.3017684519290924
$gdx,30403288,stocktwits,strong move today for the junior gold miners;$;keep an eye out for a gap fill,0.979528546333313
$bidu,19639364,stocktwits,china winners,0.9499385356903076
$aapl,7678713,stocktwits,"sorry longs, correction mode",0.9541247487068176
$tsla,711188520115818500,twitter,so i can short,-0.287253737449646
$anth,9564221,stocktwits,more good news coming so i'll hold my thirty large,0.9261003136634827
$plug,25735517,stocktwits,nice to see them turn the corner!,0.8764855861663818
$yhoo,719551384249634800,twitter,crazy how ceo marissa mayer would receive multiple millions of dollars for failing to turn $yhoo around,0.9566679000854492
$mrk,719630671220777000,twitter,drugs and biotech getting perky,0.4087381064891815
$mnst,7867073,stocktwits,failed breakouts & failed setups;$;limping on crutches into next week,0.1244179978966713
$aapl,5576283,stocktwits,i'm still bullish,0.8477476835250854
$aapl,710511181027536900,twitter,hit my short term target of the 100 sma,-0.3188450336456299
$nsm,9298895,stocktwits,next long i'm eyeing is,0.8935160636901855
$spy,26037247,stocktwits,maybe a new buy program,0.8871647119522095
$dvn,711907079296933900,twitter,unusual call buying,0.9779265522956848
$trow,24228488,stocktwits,ascending triangle gives a bullish bias to this chart;$;breakout above 84 will be positive,0.9799846410751343
$spx,719493174167625700,twitter,iraq boosts oil production to record,0.9378904104232788
$dang,719680445550587900,twitter,reasons for caution about chinese stocks,-0.4984775185585022
$hrtx,709779449663721500,twitter,short setups looking nice....really nice,-0.24848181009292603
$anppf,719536774821867500,twitter,buy call!,0.9724834561347961
$aapl,11041345,stocktwits,who the hell would touch this right now?,-0.6157515645027161
$fast,719877375102570500,twitter,misses by $0.01;$;misses on revenue,0.1263444870710373
$aapl,710232349779300400,twitter,$aapl using $googl for cloud,-0.0903002992272377
$amzn,719849703106551800,twitter,pie in the sky,0.9746528267860413
$matw,37516896,stocktwits,today's strong and under the radar stock,0.9744372963905334
$aapl,8108130,stocktwits,i went long and short in the same acct,0.8867942690849304
$sgyp,38428783,stocktwits,synergy pharma soars 67% today on positive phase 3 results,0.937293291091919
$ashr,709777793798656000,twitter,unusual call activity,0.9795203804969788
$amt,6307787,stocktwits,tight pattern here,-0.23906639218330383
$txn,29695868,stocktwits,moved upper bollinger band,0.9792423844337463
$amzn,8412634,stocktwits,breaking,0.8951207995414734
$trip,709398151283793900,twitter,68 calls buying activity,0.9765752553939819
$sina,6495505,stocktwits,could be some technical sellers;$;shorts getting back in the game,0.9601750373840332
$c,710863854381563900,twitter,unusual call activity,0.9795203804969788
$tna,5350721,stocktwits,buying;$;puts tomorrow,0.8692284226417542
$sbux,719881403970818000,twitter,good opportunity to buy,0.9646205306053162
$csx,719862035396169700,twitter,today after the close $csx,0.6057150959968567
$ctrp,719530610193137700,twitter,breaking out,0.8951207995414734
$spy,32430292,stocktwits,seems a very strange market;$;the way oil is controlling the markets,0.9351677298545837
$m,710965451677827100,twitter,top #netpayoutyields,0.968237578868866
$aapl,15804408,stocktwits,any suggestion what puts to buy,0.33376172184944153
$cybx,15526518,stocktwits,anyone know what's up with this big sell off?,-0.41140177845954895
$itf,38895736,stocktwits,3 top japan etfs to surge higher in 2h,0.9784998893737793
$fb,719593062406598700,twitter,closed buy,0.9696927070617676
$vvus,8701834,stocktwits,bear raid in effect,-0.577180802822113
$gmcr,5662488,stocktwits,there is massive short squeeze opportunity here,-0.5535885095596313
$aks,31795627,stocktwits,teel revenue rises 36% on auto sector demand,0.41296815872192383
$cat,6178538,stocktwits,the best stocks for 2012,0.9450156688690186
$yhoo,6202274,stocktwits,board to assess alibaba-softbank proposal further,0.6065575480461121
$sds,7842859,stocktwits,picking up some speed,0.6065575480461121
$cown,39047416,stocktwits,stock is ripping,0.7842615246772766
$acad,20249627,stocktwits,in from 3.61,0.6065575480461121
$wfm,719584100227526700,twitter,whole foods market is slated to open doors on may 25,0.813685417175293
$bbry,33172382,stocktwits,both 1m/6m trends turn bullish today,0.9490567445755005
$aria,11025416,stocktwits,citi even reconfirmed it's 'outperform,0.857393205165863
$xhb,5704419,stocktwits,will homebuilders lead a sustained stock market rally?,0.9747609496116638
$amrn,13560345,stocktwits,full bull call spread ranging,0.9736093878746033
$jnk,6692038,stocktwits,does not want to go down;$;risk appetite still high,0.6228257417678833
$jd,719781150554722300,twitter,peter smedley reiterates jd sports fashion buy,0.8722094297409058
$bhi,12767826,stocktwits,institutions seem to like this class of stocks,0.9579383730888367
$wyn,719559500852662300,twitter,time to embrace dividend growth,0.9590975642204285
$tsla,708898404181475300,twitter,nobody wants an electric car,0.5024722814559937
$kndi,34060864,stocktwits,reak that hod on volume;$;we have a nice consolidation completed for another run,0.975741982460022
$aapl,719549030892744700,twitter,stock climbs as barron's sees 40% upside,0.9368715286254883
$aria,29580219,stocktwits,tock is on its way to high;$;upgrades and more positive news expected,0.974947452545166
$aapl,6206304,stocktwits,,0.6065575480461121
$jblu,708351849796083700,twitter,short squeeze ready to upside w crossing important technical level,0.949383556842804
$nlsn,719900573856829400,twitter,$nlsn launching a marketing cloud,0.21823611855506897
$vrx,710857137585528800,twitter,"addding tsla ss , added small vrx long $tsla $vrx",0.9643889665603638
$life,719536774821867500,twitter,buy call!,0.9724834561347961
$oil,30827588,stocktwits,"with oil prices down further, oil stocks looking less cheap",-0.3126488924026489
$gtat,26733780,stocktwits,who's buying here and why?,0.8228616118431091
$rio,719937548668256300,twitter,s anglo american jumps 9%,0.6065575480461121
$crus,13084809,stocktwits,component supplier $crus falls for no sale.,0.6065575480461121
$amzn,719535506980266000,twitter,nice day rally!,0.9713807702064514
$aapl,10586814,stocktwits,nibbling on a small long;$;buying off 13min charts,0.8944246768951416
$efut,8065304,stocktwits,posted buy pm at $4.40,0.8722094297409058
$yhoo,708385672998989800,twitter,should fire marissa maye,0.6065575480461121
$stx,709420584979927000,twitter,someone is buying big;$;here off the lows,0.7411013245582581
$yelp,18365036,stocktwits,looking good,0.7410110831260681
$sonc,8596164,stocktwits,amazing run since middle of march,0.9319033026695251
$fb,719875775097348100,twitter,to generate $895m in revenue,0.1263444870710373
$srpt,18706410,stocktwits,could be lotto winners,0.9760758876800537
$ilmn,719523999282278400,twitter,piper jeffries raises pt;$;i remain long,0.9720503687858582
$ge,20312961,stocktwits,"i can't understand the logic of shorting this now;$;oh well, it helps the price go up i guess",0.9534222483634949
$t,708399906990329900,twitter,rally friday!;$;#new52weekhighs;$;p over 31%,0.9098409414291382
$chkp,709893877566582800,twitter,abc bullish pattern,0.9383860230445862
$al,13523414,stocktwits,very nice pattern on the $al weekly;$;but that pre earnings action thursday needs to be resolved before,0.3946824371814728
$fti,12767826,stocktwits,institutions seem to like this class of stocks,0.9579383730888367
$siri,719540465188675600,twitter,lucrative e-sports opportunity,0.928485095500946
$v,719612962013634600,twitter,$v has some momentum,0.9637358784675598
$amzn,719533807897047000,twitter,over 225 million new internet users are being added globally every year,0.9791998267173767
$smh,7399381,stocktwits,equity indexes working on a positive engulfing for march,0.9774887561798096
$amgn,719545584995029000,twitter,big year at $amgn,0.41021496057510376
$amzn,710491410789752800,twitter,$amzn dropping ~$7b of market cap;$;because they're losing $400m of $aapl's business,-0.43655329942703247
$grpn,8067736,stocktwits,$grpn having a much better day than $fb,0.6629720330238342
$nflx,36925712,stocktwits,launching in japan in the fall;$;think this will be one of fastest launches of any country to date,0.8093357086181641
$nxpi,719586430243090400,twitter,added to nxpi,0.9625991582870483
$tse,710793306100228100,twitter,"going back in, but slowly",0.24299052357673645
$blue,719515579372077000,twitter,added long at friday close,0.9790001511573792
$wmt,719535506980266000,twitter,nice day rally!,0.9713807702064514
$xlp,13132243,stocktwits,seriously nothing says strong growth like;$;well played,0.9773502349853516
$spy,7853493,stocktwits,fast 56pc dive,-0.4450109899044037
$gdx,32370562,stocktwits,,0.6065575480461121
$lamr,16084152,stocktwits,active puts,-0.3207993805408478
$eca,19034611,stocktwits,i wanted to get in this morning but missed it!,0.756889820098877
$kcg,10561783,stocktwits,bot at 2.24,0.9521881937980652
$oksb,12134471,stocktwits,clearing new 52-week high from a good base,0.922573983669281
$nflx,18526288,stocktwits,short term consolidation then movement higher,0.5542173385620117
$hcp,34332530,stocktwits,come to the party and buy this;$;gonna give solid gains and a dividend,0.9759191274642944
$fb,719523139730993200,twitter,$fb still a dog going much lower this week,0.20107954740524292
$tsla,719528176096030700,twitter,$kndi china electric car maker. china car sales +7.8%.,0.545759379863739
$wprt,10892920,stocktwits,holy green day batman;$;luv it when a plan comes together,0.9706702828407288
$gld,8205873,stocktwits,went from 26 to 66,0.6065575480461121
$jcp,16915153,stocktwits,remember she can squeeze as market di,-0.42737096548080444
$away,8784472,stocktwits,needs to make a solid break thru current resistance,0.5790406465530396
$baxs,21778536,stocktwits,sometimes i question why i bother in sub $5.00 stocks;$;retail is so short sighted,-0.287253737449646
$dia,15249839,stocktwits,rsi lowest level since october 2012,0.739962637424469
$atvi,719905644648632300,twitter,announces record #esports viewership,0.9096193909645081
$nue,37312789,stocktwits,huge buy in all these names,0.9686397910118103
$googl,719602897479168000,twitter,decent handle;$;pretty tight for a month now,-0.23906639218330383
$gild,32199482,stocktwits,sandbagged the guidance;$;was cautiously optimistic,0.6065575480461121
$fb,719486879842902000,twitter,$fb has 20 times the advertisers of $twtr,0.06150359287858009
$aria,20276674,stocktwits,they are all poised to breakout.,0.9697851538658142
$infi,719903541167464400,twitter,,0.6065575480461121
$sdrl,710115038011465700,twitter,$sdrl 3.69 long,0.9720503687858582
$sox,19869247,stocktwits,closed friday with the rs line in new highs,0.9799087047576904
$ugaz,31015066,stocktwits,gonna start shorting every 10%,0.7620249390602112
$qqq,13279906,stocktwits,large cap tech is finally trying to catch up with the rest of the market,0.9548908472061157
$alxa,13451840,stocktwits,needs a rush of buyers;$;i like it tho,-0.5317157506942749
$juno,719669537201725400,twitter,$juno got some good news today,0.8643778562545776
$esrx,719915781719347200,twitter,has room to go,0.6975034475326538
$etrm,39047584,stocktwits,dilution don't scare me!!!,0.8709290027618408
$clf,35950566,stocktwits,bumped up against resistance 3 times on 5min,0.9431066513061523
$nugt,719493174167625700,twitter,iraq boosts oil production to record,0.9378904104232788
$nvdq,15530874,stocktwits,watch for momentum above,0.9766809940338135
$tsla,20795798,stocktwits,a 600% yearly return is not an ordinary occurrence,0.6065575480461121
$tsla,719672950044106800,twitter,it's gonna short $tsla at tomorrow's opening,-0.6122703552246094
$athx,33674145,stocktwits,sign of a healthy advancing stock that stays above 20dma,0.7842615246772766
$spy,5887305,stocktwits,down big would be awesome,-0.16950605809688568
$isrg,709019023921561600,twitter,n a great financial position,0.9666224122047424
$rnn,21805951,stocktwits,it should start going up slowly from now on,0.5613188743591309
$icpt,719652260322476000,twitter,today's losers,-0.40458327531814575
$t,5509901,stocktwits,breakout long;$;through the 100 and 200 ma;$;see it run,0.9780429005622864
$px,37476848,stocktwits,may have a lower entry point,0.7636569142341614
$rad,25145744,stocktwits,all my charts are flashing oversold.,0.9535956978797913
$tspt,5959915,stocktwits,long,0.9720503687858582
$mdlz,710554129844797400,twitter,trims its stake,0.6065575480461121
$jkhy,708381020765052900,twitter,up +13.26%,0.6065575480461121
$fb,719564967972765700,twitter,,0.6065575480461121
$orcl,710496429974888400,twitter,5 best analyst rated stocks,0.9755640625953674
$aapl,719908259893616600,twitter,will still go down on lack of new products,0.7292838096618652
$jazz,18405590,stocktwits,i think $jazz has plenty of room to run and lots of momentum to continue pushing it to new highs,0.9795161485671997
$astx,9369557,stocktwits,dump it for minor loss,0.6065575480461121
$wll,23526008,stocktwits,lots of nice setups in energy ;$;liking whiting more each day $crzo too,0.9685397744178772
$spy,709439542089158700,twitter,lets burn!,0.8207874894142151
$twtr,25160682,stocktwits,beat;$;up ah,0.6065575480461121
$sina,6929823,stocktwits,every time it jumps back in range,0.4782768189907074
$aapl,711987709972127700,twitter,otherwise long,0.9720503687858582
$prgn,28703227,stocktwits,a bottom right here?,-0.534256100654602
$et,11107935,stocktwits,accumulating,0.6065575480461121
$chtr,710110155216584700,twitter,,0.6065575480461121
$aapl,32648097,stocktwits,elon muskãƒâ¢ã¢â€šâ¬ã¢â€žâ¢s comparision of $tsla with $aapl doesnãƒâ¢ã¢â€šâ¬ã¢â€žâ¢t go well,0.0014743829378858209
$outr,709731726726193200,twitter,the most trending,0.9514548778533936
$ebay,719611920110776300,twitter,anyone else see an issue with this. no wonder $ebay stock sucks,0.6457749605178833
$goog,710863854381563900,twitter,unusual call activity,0.9795203804969788
$rden,21856695,stocktwits,"green, lol... make-up to cover ugliness",0.9686238169670105
$asps,709834259687710700,twitter,biggest market losers,-0.5613110661506653
$clf,710863854381563900,twitter,unusual call activity,0.9795203804969788
$ppc,32427089,stocktwits,quality stocks with high cash returns,0.9743155241012573
$hts,719517217247735800,twitter,in play longs,0.9507338404655457
$vrx,709834259687710700,twitter,biggest market losers,-0.5613110661506653
$bamxy,719756644968763400,twitter,bmw takes a leap ahead of tesla,0.6870954036712646
$spy,8504139,stocktwits,short interest increases yet again,-0.3639839291572571
$nflx,719501877843349500,twitter,netflix raising prices for 17m subscribers by $2.,0.8905118107795715
$scty,14024460,stocktwits,covered up last of it,0.8848994374275208
$hd,710143603524427800,twitter,looking for a sharp move up in equities,0.6396809220314026
$regn,719549796994814000,twitter,out of $amgn one year later;$;i'm tired of waiting here,0.015558585524559021
$tea,10573348,stocktwits,cash & cheap financing is fueling a wave of acquisitions,0.7576671838760376
$jnpr,719623868495728600,twitter,juniper tumbles on q1 warning,-0.13665243983268738
$aapl,25969840,stocktwits,probably hit a near term high;$;momentum slowing after a huge run,0.35040444135665894
$tnet,711745824884187100,twitter,,0.6065575480461121
$wx,39050045,stocktwits,decent pull back,0.4595656096935272
$googl,719901932169527300,twitter,"google, baidu,tesla on fast track to create 'robot cars'",0.27896326780319214
$fro,30919823,stocktwits,cheaper oil will introduce more shipment and higher tanker rates.,0.9735317826271057
$wynn,9756290,stocktwits,aint bad iether,0.0586988665163517
$amzn,709803667948318700,twitter,$amzn up 5 points from yesterday's trade entry and alert,0.6827095746994019
$amba,38625785,stocktwits,what's behind this drop?,-0.17159558832645416
$ebay,16669526,stocktwits,pure garbage stock,0.7842615246772766
$smh,719581208120844300,twitter,whole semiconductor space looks interesting,0.9508446455001831
$fb,719528734299197400,twitter,"sells 109,000 shares of facebook",0.963261604309082
$orcl,719599233280512000,twitter,trails $msft $orcl $goog $crm $adbe,0.9636715650558472
$v,719582524142403600,twitter,short,-0.287253737449646
$fb,719880627412148200,twitter,how about a stock split?,0.7842615246772766
$fb,709418142645137400,twitter,calls for nice gains;$;still holding;$;week made in a morning,0.9765579700469971
$goog,719585625859428400,twitter,efficient but boring.,0.6065575480461121
$amzn,16080172,stocktwits,buy point has changed to 319 from 318,0.9710118770599365
$ibio,35904055,stocktwits,ibio seems to be gaining big money;$;shorts will be hurting,-0.300735205411911
$tsla,719572200051880000,twitter,i'm a buyer,-0.03225693479180336
$ua,719599977480253400,twitter,stocks higher in afternoon trade,0.9531703591346741
$aapl,709439542089158700,twitter,lets burn!,0.8207874894142151
$aapl,31099441,stocktwits,now i'm glad i got stopped out,0.3588584363460541
$bbry,24462309,stocktwits,so far good $bbry did not break;$;coz i was told that is key support level,0.8168172836303711
$qlys,34407013,stocktwits,all out for now,0.6065575480461121
$scty,710127113127530500,twitter,covered call,0.9785524606704712
$ugaz,32476166,stocktwits,i sold half of my $ugaz long here,0.8803091049194336
$bidu,12108658,stocktwits,over 100% upside left from here in next 6 mnths,0.8467337489128113
$hk,10310716,stocktwits,it's been a sinking ship,0.6065575480461121
$symc,709749425208320000,twitter,jan-18 6 put with a big print,0.1657576858997345
$clwr,12248515,stocktwits,longs,0.9541247487068176
$yelp,22695238,stocktwits,future profits will be huge,0.6065575480461121
$ocn,31710623,stocktwits,major pump and dump coming this week,0.9635097980499268
$pkt,6006891,stocktwits,biggest st50 gainers,0.9446508288383484
$ugaz,30632010,stocktwits,wait a little longer before re-entering,0.9481973052024841
$gld,17792845,stocktwits,possible double bottom set up,0.9635966420173645
$tza,12105568,stocktwits,short week next week,0.7732619643211365
$ige,719939196627116000,twitter,breaking 52 week highs timing looks great now,0.9790159463882446
$jpm,719599977480253400,twitter,higher in afternoon trade;$;buy point,0.9692632555961609
$mgm,708351849796083700,twitter,short squeeze ready to upside w crossing important technical level,0.949383556842804
$aapl,5960438,stocktwits,buy area now,0.8722094297409058
$intc,719762401156034600,twitter,begin the assault on intel,0.6065575480461121
$yhoo,719585607215808500,twitter,today i bought more,0.9504947662353516
$aapl,719691311943536600,twitter,analysts conjuring up metrics to bring it down and boost their short positions.,-0.422689825296402
$cmcsa,708433303922204700,twitter,surges on deal,0.9574819803237915
$stx,13461331,stocktwits,if i had to pick one it would be,-0.4193771779537201
$isis,34779026,stocktwits,this will be a rough climb to the top;$;many traders and bag holders looking to get out,0.4417363107204437
$aa,719599977480253400,twitter,stocks higher in afternoon trade,0.9531703591346741
$isr,24061441,stocktwits,bullish pennant/symmetrical triangle b/o in progress;$;long from $2.66,0.975829541683197
$tsla,711377964647129100,twitter,not sure we can see too much $tsla up side thus week,0.9367400407791138
$pcln,12824244,stocktwits,no one believes in flyin' anymore,-0.4005679488182068
$tna,23774048,stocktwits,in 73.24,0.6065575480461121
$amzn,5542818,stocktwits,i am not optimistic;$;fundementals and charts look like poopoo this quarter.,0.4357549548149109
